t,x,,x??,v
0,-631.94,,0,0.3
0.03,-631.82,,0.01,4.08
0.07,-630.1,,0.15,7.4
0.1,-626.99,,0.39,12.26
0.13,-621.83,,0.8,15.8
0.17,-615.18,,1.33,16.98
0.2,-608.03,,1.89,19.23
0.23,-599.93,,2.53,17.58
0.27,-592.54,,3.12,18.19
0.3,-584.88,,3.73,15.78
0.33,-578.24,,4.25,14.68
0.37,-572.06,,4.74,11.73
0.4,-567.12,,5.13,8.75
0.43,-563.44,,5.42,7.73
0.47,-560.19,,5.68,2.74
0.5,-559.03,,5.77,-0.43
0.53,-559.21,,5.76,-4.52
0.57,-561.12,,5.61,-6.52
0.6,-563.86,,5.39,-9.55
0.63,-567.88,,5.07,-11.96
0.67,-572.91,,4.67,-14.38
0.7,-578.96,,4.2,-14.29
0.73,-584.98,,3.72,-16.08
0.77,-591.74,,3.18,-15.11
0.8,-598.1,,2.68,-13.88
0.83,-603.95,,2.22,-13.92
0.87,-609.81,,1.75,-9.74
0.9,-613.9,,1.43,-6.79
0.93,-616.76,,1.2,-3.1
0.97,-618.07,,1.1,0.68
1,-617.78,,1.12,4.09
1.03,-616.06,,1.26,7.2
1.07,-613.03,,1.5,10.03
1.1,-608.81,,1.83,11.93
1.13,-603.79,,2.23,14.28
1.17,-597.78,,2.71,15.55
1.2,-591.23,,3.22,15.26
1.23,-584.81,,3.73,13.59
1.27,-579.09,,4.19,12.68
1.3,-573.75,,4.61,11.17
1.33,-569.05,,4.98,8.85
1.37,-565.32,,5.28,7.1
1.4,-562.33,,5.51,3.8
1.43,-560.73,,5.64,1.17
1.47,-560.24,,5.68,-1.94
1.5,-561.06,,5.61,-4.1
1.53,-562.79,,5.48,-7.44
1.57,-565.92,,5.23,-9.06
1.6,-569.73,,4.93,-10
1.63,-573.94,,4.59,-11.42
1.67,-578.75,,4.21,-10.93
1.7,-583.35,,3.85,-11.67
1.73,-588.26,,3.46,-10.74
1.77,-592.78,,3.1,-8.25
1.8,-596.26,,2.83,-7.14
1.83,-599.26,,2.59,-5.38
1.87,-601.53,,2.41,-0.9
1.9,-601.91,,2.38,-0.29
1.93,-602.03,,2.37,4.01
1.97,-600.34,,2.5,5.71
2,-597.94,,2.69,8.13
2.03,-594.52,,2.96,9.05
2.07,-590.71,,3.27,10.52
2.1,-586.28,,3.62,10.76
2.13,-581.75,,3.97,11.67
2.17,-576.84,,4.36,11.36
2.2,-572.06,,4.74,8.99
2.23,-568.27,,5.04,7.95
2.27,-564.93,,5.31,7.1
2.3,-561.94,,5.54,4.74
2.33,-559.94,,5.7,2.28
2.37,-558.98,,5.78,0.1
2.4,-558.94,,5.78,-2.06
2.43,-559.81,,5.71,-4.86
2.47,-561.85,,5.55,-5.19
2.5,-564.04,,5.38,-7.05
2.53,-567,,5.14,-8.39
2.57,-570.54,,4.86,-8.08
2.6,-573.94,,4.59,-8.75
2.63,-577.62,,4.3,-7.8
2.67,-580.9,,4.04,-6.67
2.7,-583.71,,3.82,-5.31
2.73,-585.94,,3.64,-2.5
2.77,-587,,3.56,-2.65
2.8,-588.11,,3.47,0.23
2.83,-588.02,,3.48,2.51
2.87,-586.96,,3.56,2.39
2.9,-585.95,,3.64,5.2
2.93,-583.76,,3.82,6.69
2.97,-580.95,,4.04,7.15
3,-577.94,,4.28,7.83
3.03,-574.65,,4.54,8.39
3.07,-571.12,,4.82,8.06
3.1,-567.73,,5.09,7.71
3.13,-564.48,,5.34,6.5
3.17,-561.74,,5.56,4.96
3.2,-559.66,,5.72,4.59
3.23,-557.73,,5.88,2.75
3.27,-556.57,,5.97,1.29
3.3,-556.02,,6.01,-0.08
3.33,-556.06,,6.01,-2.02
3.37,-556.91,,5.94,-2.3
3.4,-557.87,,5.87,-2.91
3.43,-559.1,,5.77,-4.6
3.47,-561.03,,5.62,-4.83
3.5,-563.07,,5.45,-6.13
3.53,-565.65,,5.25,-5.23
3.57,-567.85,,5.08,-4.81
3.6,-569.88,,4.92,-2.43
3.63,-570.9,,4.83,-2.63
3.67,-572.01,,4.75,-1.95
3.7,-572.83,,4.68,-0.36
3.73,-572.98,,4.67,-0.19
3.77,-573.06,,4.66,0.34
3.8,-572.92,,4.67,2.19
3.83,-571.99,,4.75,1.82
3.87,-571.22,,4.81,3.02
3.9,-569.95,,4.91,3.08
3.93,-568.66,,5.01,4.11
3.97,-566.93,,5.15,4.77
4,-564.92,,5.31,5.93
4.03,-562.42,,5.51,3.84
4.07,-560.81,,5.63,4.2
4.1,-559.04,,5.77,3.87
4.13,-557.41,,5.9,3.31
4.17,-556.01,,6.01,1.77
4.2,-555.27,,6.07,0.77
4.23,-554.94,,6.1,-0.71
4.27,-555.24,,6.07,-1.08
4.3,-555.69,,6.04,-2.33
4.33,-556.67,,5.96,-2.96
4.37,-557.92,,5.86,-2.57
4.4,-559,,5.78,-4.1
4.43,-560.73,,5.64,-3.62
4.47,-562.25,,5.52,-4.12
4.5,-563.99,,5.38,-3
4.53,-565.25,,5.28,-4
4.57,-566.93,,5.15,-1.45
4.6,-567.54,,5.1,-1.58
4.63,-568.21,,5.05,0.38
4.67,-568.05,,5.06,1.07
4.7,-567.59,,5.1,1.99
4.73,-566.76,,5.16,3.82
4.77,-565.15,,5.29,3.22
4.8,-563.79,,5.4,4.38
4.83,-561.95,,5.54,4.29
4.87,-560.14,,5.69,3.64
4.9,-558.61,,5.81,3.61
4.93,-557.09,,5.93,2.67
4.97,-555.97,,6.02,2.83
5,-554.77,,6.11,2.05
5.03,-553.91,,6.18,1.76
5.07,-553.17,,6.24,0.32
5.1,-553.04,,6.25,-0.67
5.13,-553.32,,6.23,-1.34
5.17,-553.88,,6.18,-2.4
5.2,-554.89,,6.1,-1.97
5.23,-555.72,,6.04,-2.78
5.27,-556.89,,5.94,-1.88
5.3,-557.68,,5.88,-2.62
5.33,-558.79,,5.79,-0.89
5.37,-559.16,,5.76,-1.98
5.4,-559.99,,5.7,-1.39
5.43,-560.58,,5.65,-1.01
5.47,-561,,5.62,-0.13
5.5,-561.05,,5.61,-0.13
5.53,-561.11,,5.61,0.62
5.57,-560.85,,5.63,1.76
5.6,-560.11,,5.69,1.07
5.63,-559.66,,5.72,1.79
5.67,-558.9,,5.78,2.37
5.7,-557.91,,5.86,2.58
5.73,-556.82,,5.95,2.95
5.77,-555.58,,6.05,3.63
5.8,-554.05,,6.17,2.59
5.83,-552.96,,6.25,2.38
5.87,-551.96,,6.33,1.58
5.9,-551.3,,6.39,1.86
5.93,-550.52,,6.45,0.08
5.97,-550.48,,6.45,1.07
6,-550.03,,6.49,0.21
6.03,-549.95,,6.49,0.07
6.07,-549.92,,6.5,0.19
6.1,-549.84,,6.5,-0.16
6.13,-549.91,,6.5,-0.03
6.17,-549.92,,6.5,-0.23
6.2,-550.01,,6.49,-0.01
6.23,-550.02,,6.49,-0.33
6.27,-550.16,,6.48,0.08
6.3,-550.12,,6.48,0.2
6.33,-550.04,,6.49,-0.03
6.37,-550.05,,6.49,-0.24
6.4,-550.15,,6.48,0.46
6.43,-549.96,,6.49,0.15
6.47,-549.89,,6.5,1.67
6.5,-549.19,,6.55,0.8
6.53,-548.86,,6.58,2.12
6.57,-547.96,,6.65,2.24
6.6,-547.02,,6.73,2.45
6.63,-545.99,,6.81,2.76
6.67,-544.83,,6.9,2.34
6.7,-543.85,,6.98,2.18
6.73,-542.93,,7.05,1.75
6.77,-542.19,,7.11,0.76
6.8,-541.87,,7.13,-0.18
6.83,-541.95,,7.13,-0.13
6.87,-542,,7.12,-1.58
6.9,-542.67,,7.07,-0.86
6.93,-543.03,,7.04,-2.01
6.97,-543.88,,6.97,-0.81
7,-544.22,,6.95,-0.75
7.03,-544.53,,6.92,-0.63
7.07,-544.8,,6.9,0.16
7.1,-544.73,,6.91,1.18
7.13,-544.23,,6.95,1.23
7.17,-543.72,,6.99,1.9
7.2,-542.92,,7.05,2.34
7.23,-541.93,,7.13,1.16
7.27,-541.44,,7.17,1.24
7.3,-540.92,,7.21,1
7.33,-540.5,,7.24,1.2
7.37,-539.99,,7.28,0.48
7.4,-539.79,,7.3,0.16
7.43,-539.73,,7.3,-0.22
7.47,-539.82,,7.3,-0.04
7.5,-539.84,,7.29,1.07
7.53,-539.39,,7.33,0.95
7.57,-538.99,,7.36,0.22
7.6,-538.9,,7.37,0.31
7.63,-538.77,,7.38,0.63
7.67,-538.5,,7.4,1.33
7.7,-537.94,,7.44,0.69
7.73,-537.65,,7.47,1.96
7.77,-536.83,,7.53,2.25
7.8,-535.88,,7.61,1.89
7.83,-535.09,,7.67,0.94
7.87,-534.69,,7.7,1.65
7.9,-534,,7.76,0.5
7.93,-533.78,,7.77,0.71
7.97,-533.48,,7.8,0.73
8,-533.18,,7.82,0.48
8.03,-532.98,,7.84,0.12
8.07,-532.93,,7.84,0.27
8.1,-532.81,,7.85,0.66
8.13,-532.53,,7.87,1.33
8.17,-531.97,,7.92,1.97
8.2,-531.14,,7.98,1.57
8.23,-530.48,,8.03,1.86
8.27,-529.7,,8.1,2.3
8.3,-528.73,,8.17,2.22
8.33,-527.8,,8.25,2.21
8.37,-526.87,,8.32,4.04
8.4,-525.17,,8.46,2.67
8.43,-524.04,,8.54,2.69
8.47,-522.91,,8.63,4.4
8.5,-521.06,,8.78,2.58
8.53,-519.97,,8.87,2.63
8.57,-518.87,,8.95,2.4
8.6,-517.86,,9.03,2.15
8.63,-516.95,,9.11,0.33
8.67,-516.81,,9.12,0.39
8.7,-516.65,,9.13,-0.33
8.73,-516.79,,9.12,-0.37
8.77,-516.94,,9.11,-0.33
8.8,-517.08,,9.1,-1.74
8.83,-517.82,,9.04,-0.31
8.87,-517.95,,9.03,-0.64
8.9,-518.22,,9.01,0.6
8.93,-517.97,,9.03,0.41
8.97,-517.8,,9.04,0.75
9,-517.48,,9.06,1.27
9.03,-516.95,,9.11,2.32
9.07,-515.97,,9.18,1.72
9.1,-515.24,,9.24,1.57
9.13,-514.58,,9.29,1.94
9.17,-513.77,,9.36,3.28
9.2,-512.39,,9.47,3.34
9.23,-510.98,,9.58,3.27
9.27,-509.6,,9.69,3.93
9.3,-507.95,,9.82,4.47
9.33,-506.07,,9.97,4.34
9.37,-504.24,,10.11,3.47
9.4,-502.78,,10.23,4.06
9.43,-501.07,,10.36,2.56
9.47,-500,,10.45,2.21
9.5,-499.06,,10.52,0.83
9.53,-498.71,,10.55,1.75
9.57,-497.98,,10.61,0.43
9.6,-497.79,,10.62,1.59
9.63,-497.13,,10.68,0.53
9.67,-496.9,,10.69,0.41
9.7,-496.73,,10.71,0.97
9.73,-496.32,,10.74,0.91
9.77,-495.94,,10.77,1.57
9.8,-495.28,,10.82,0.83
9.83,-494.93,,10.85,0.71
9.87,-494.63,,10.87,1.39
9.9,-494.04,,10.92,0.4
9.93,-493.88,,10.93,1.43
9.97,-493.28,,10.98,0.94
10,-492.88,,11.01,0.63
10.03,-492.61,,11.03,1.2
10.07,-492.11,,11.07,0.89
10.1,-491.73,,11.1,2.51
10.13,-490.68,,11.19,1.81
10.17,-489.92,,11.25,2.36
10.2,-488.92,,11.33,2.74
10.23,-487.77,,11.42,3.41
10.27,-486.34,,11.53,2.38
10.3,-485.33,,11.61,3.01
10.33,-484.07,,11.71,2.55
10.37,-482.99,,11.8,2.4
10.4,-481.98,,11.88,1.88
10.43,-481.19,,11.94,0.88
10.47,-480.82,,11.97,1.07
10.5,-480.37,,12,0.69
10.53,-480.08,,12.03,0.4
10.57,-479.91,,12.04,0.09
10.6,-479.88,,12.04,0.01
10.63,-479.87,,12.04,-0.01
10.67,-479.88,,12.04,0.04
10.7,-479.86,,12.04,-0.15
10.73,-479.92,,12.04,0.62
10.77,-479.66,,12.06,0.1
10.8,-479.62,,12.06,1.57
10.83,-478.96,,12.12,2.25
10.87,-478.01,,12.19,2.23
10.9,-477.07,,12.27,2.7
10.93,-475.94,,12.35,2.59
10.97,-474.85,,12.44,3.83
11,-473.23,,12.57,3.16
11.03,-471.9,,12.67,3.42
11.07,-470.46,,12.79,3.13
11.1,-469.15,,12.89,3.32
11.13,-467.75,,13,2.37
11.17,-466.76,,13.08,2.45
11.2,-465.72,,13.16,1.72
11.23,-465,,13.22,2.43
11.27,-463.98,,13.3,1.83
11.3,-463.21,,13.36,1.25
11.33,-462.68,,13.4,1.59
11.37,-462.01,,13.46,0.32
11.4,-461.88,,13.47,0
11.43,-461.88,,13.47,-0.14
11.47,-461.94,,13.46,-0.41
11.5,-462.11,,13.45,0.05
11.53,-462.09,,13.45,0.07
11.57,-462.06,,13.45,0.09
11.6,-462.02,,13.46,0.05
11.63,-462,,13.46,0.2
11.67,-461.91,,13.47,1.32
11.7,-461.36,,13.51,1.11
11.73,-460.89,,13.55,0.34
11.77,-460.75,,13.56,1.62
11.8,-460.07,,13.61,0.93
11.83,-459.68,,13.64,1.27
11.87,-459.14,,13.69,1.57
11.9,-458.48,,13.74,1.33
11.93,-457.92,,13.78,2.72
11.97,-456.77,,13.87,2.1
12,-455.89,,13.94,2.68
12.03,-454.76,,14.03,3.45
12.07,-453.31,,14.15,2.88
12.1,-452.09,,14.24,2.89
12.13,-450.88,,14.34,2.96
12.17,-449.63,,14.44,2.54
12.2,-448.56,,14.52,2.03
12.23,-447.71,,14.59,1.66
12.27,-447.01,,14.65,1.92
12.3,-446.2,,14.71,0.66
12.33,-445.92,,14.73,0.12
12.37,-445.87,,14.74,-0.09
12.4,-445.91,,14.73,-0.15
12.43,-445.98,,14.73,-0.15
12.47,-446.04,,14.72,-1.13
12.5,-446.52,,14.68,-0.45
12.53,-446.7,,14.67,-0.36
12.57,-446.86,,14.66,-0.13
12.6,-446.91,,14.65,0.02
12.63,-446.9,,14.65,0.21
12.67,-446.81,,14.66,1.79
12.7,-446.06,,14.72,0.56
12.73,-445.82,,14.74,2.02
12.77,-444.97,,14.81,2.36
12.8,-443.98,,14.89,2.96
12.83,-442.73,,14.98,4.12
12.87,-441,,15.12,3.68
12.9,-439.45,,15.24,3.38
12.93,-438.03,,15.36,2.81
12.97,-436.85,,15.45,3.94
13,-435.19,,15.58,2.69
13.03,-434.05,,15.67,1.86
13.07,-433.27,,15.73,1.48
13.1,-432.65,,15.78,1.06
13.13,-432.2,,15.82,0.72
13.17,-431.9,,15.84,0.91
13.2,-431.52,,15.87,1.5
13.23,-430.89,,15.92,0.44
13.27,-430.7,,15.94,1.29
13.3,-430.16,,15.98,0.73
13.33,-429.85,,16,1.28
13.37,-429.31,,16.05,1.07
13.4,-428.86,,16.08,0.15
13.43,-428.8,,16.09,-0.01
13.47,-428.8,,16.09,-0.21
13.5,-428.89,,16.08,-0.3
13.53,-429.02,,16.07,-1.79
13.57,-429.77,,16.01,-0.34
13.6,-429.92,,16,-0.32
13.63,-430.05,,15.99,-0.58
13.67,-430.3,,15.97,0.19
13.7,-430.22,,15.98,0.58
13.73,-429.97,,16,1.89
13.77,-429.18,,16.06,0.43
13.8,-429,,16.07,0.63
13.83,-428.73,,16.09,1.72
13.87,-428.01,,16.15,0.22
13.9,-427.91,,16.16,0.34
13.93,-427.77,,16.17,0.05
13.97,-427.75,,16.17,0.08
14,-427.72,,16.17,-0.76
14.03,-428.03,,16.15,-1.67
14.07,-428.74,,16.09,-0.75
14.1,-429.05,,16.07,-0.32
14.13,-429.19,,16.06,-1.3
14.17,-429.73,,16.01,-0.22
14.2,-429.82,,16.01,0.33
14.23,-429.69,,16.02,0.22
14.27,-429.59,,16.02,1.32
14.3,-429.04,,16.07,0.43
14.33,-428.86,,16.08,1.15
14.37,-428.37,,16.12,0.69
14.4,-428.08,,16.14,0.34
14.43,-427.94,,16.16,0.05
14.47,-427.92,,16.16,-0.12
14.5,-427.97,,16.15,-0.23
14.53,-428.07,,16.15,-1.37
14.57,-428.64,,16.1,-0.26
14.6,-428.75,,16.09,-0.66
14.63,-429.03,,16.07,-0.14
14.67,-429.09,,16.06,0.16
14.7,-429.02,,16.07,0.08
14.73,-428.99,,16.07,0.16
14.77,-428.92,,16.08,1.28
14.8,-428.38,,16.12,0.85
14.83,-428.02,,16.15,0.08
14.87,-427.99,,16.15,0.31
14.9,-427.86,,16.16,0.07
14.93,-427.83,,16.17,-0.14
14.97,-427.89,,16.16,-0.06
15,-427.91,,16.16,-0.01
15.03,-427.92,,16.16,-1.29
15.07,-428.46,,16.12,-0.52
15.1,-428.68,,16.1,-0.54
15.13,-428.9,,16.08,-0.04
15.17,-428.92,,16.08,0.22
15.2,-428.83,,16.09,0.01
15.23,-428.82,,16.09,0.02
15.27,-428.81,,16.09,0.3
15.3,-428.69,,16.1,0.6
15.33,-428.43,,16.12,0.93
15.37,-428.04,,16.15,0.22
15.4,-427.95,,16.16,0.02
15.43,-427.94,,16.16,-0.29
15.47,-428.06,,16.15,0.12
15.5,-428.01,,16.15,-0.57
15.53,-428.25,,16.13,-0.19
15.57,-428.33,,16.12,-0.25
15.6,-428.44,,16.12,0.46
15.63,-428.25,,16.13,0.21
15.67,-428.16,,16.14,0.15
15.7,-428.09,,16.14,0.34
15.73,-427.95,,16.16,0.07
15.77,-427.92,,16.16,0.39
15.8,-427.76,,16.17,-0.16
15.83,-427.83,,16.16,0.49
15.87,-427.62,,16.18,-0.47
15.9,-427.82,,16.17,-0.11
15.93,-427.86,,16.16,-0.14
15.97,-427.92,,16.16,-0.06
16,-427.95,,16.16,-0.11
16.03,-427.99,,16.15,-0.12
16.07,-428.04,,16.15,0.17
16.1,-427.97,,16.15,0.08
16.13,-427.94,,16.16,0.01
16.17,-427.94,,16.16,0.01
16.2,-427.93,,16.16,0.2
16.23,-427.84,,16.16,-0.17
16.27,-427.92,,16.16,0.3
16.3,-427.79,,16.17,-0.08
16.33,-427.82,,16.17,-0.07
16.37,-427.86,,16.16,-0.05
16.4,-427.88,,16.16,-0.13
16.43,-427.93,,16.16,0.11
16.47,-427.89,,16.16,-0.25
16.5,-427.99,,16.15,-0.04
16.53,-428.01,,16.15,0.12
16.57,-427.96,,16.15,0.06
16.6,-427.94,,16.16,-0.27
16.63,-428.05,,16.15,0.32
16.67,-427.91,,16.16,0.18
16.7,-427.84,,16.16,0.04
16.73,-427.82,,16.17,-0.3
16.77,-427.95,,16.16,0.22
16.8,-427.86,,16.16,0.13
16.83,-427.8,,16.17,-0.26
16.87,-427.91,,16.16,-0.04
16.9,-427.93,,16.16,-0.01
16.93,-427.93,,16.16,-0.02
16.97,-427.94,,16.16,-0.01
17,-427.95,,16.16,-0.03
17.03,-427.96,,16.15,-0.01
17.07,-427.96,,16.15,0.06
17.1,-427.94,,16.16,-0.07
17.13,-427.97,,16.15,0.13
17.17,-427.91,,16.16,0.24
17.2,-427.81,,16.17,-0.16
17.23,-427.88,,16.16,-0.13
17.27,-427.93,,16.16,0.1
17.3,-427.89,,16.16,0.15
17.33,-427.83,,16.16,-0.23
17.37,-427.92,,16.16,-0.02
17.4,-427.93,,16.16,-0.13
17.43,-427.99,,16.15,0.09
17.47,-427.95,,16.16,-1.62
17.5,-428.63,,16.1,1.24
17.53,-428.1,,16.14,0.29
17.57,-427.98,,16.15,-0.06
17.6,-428.01,,16.15,0.26
17.63,-427.9,,16.16,0.03
17.67,-427.89,,16.16,-0.16
17.7,-427.95,,16.15,0.32
17.73,-427.82,,16.17,-0.25
17.77,-427.93,,16.16,0.11
17.8,-427.88,,16.16,-0.05
17.83,-427.9,,16.16,-0.02
17.87,-427.91,,16.16,-0.06
17.9,-427.94,,16.16,-0.04
17.93,-427.95,,16.16,0.07
17.96,-427.92,,16.16,-0.09
18,-427.96,,16.15,0.03
18.03,-427.95,,16.16,0.07
18.06,-427.92,,16.16,0
18.1,-427.92,,16.16,0
18.13,-427.92,,16.16,0.15
18.16,-427.85,,16.16,-0.04
18.2,-427.87,,16.16,-0.04
18.23,-427.88,,16.16,0.25
18.26,-427.78,,16.17,-0.57
18.3,-428.02,,16.15,0.38
18.33,-427.86,,16.16,-0.05
18.36,-427.88,,16.16,0.04
18.4,-427.86,,16.16,-0.04
18.43,-427.88,,16.16,0.05
18.46,-427.85,,16.16,0.1
18.5,-427.81,,16.17,-0.21
18.53,-427.9,,16.16,-0.03
18.56,-427.91,,16.16,0.01
18.6,-427.91,,16.16,0.09
18.63,-427.87,,16.16,-0.12
18.66,-427.92,,16.16,0.01
18.7,-427.92,,16.16,-0.02
18.73,-427.93,,16.16,-0.09
18.76,-427.96,,16.15,0.11
18.8,-427.92,,16.16,0
18.83,-427.92,,16.16,0.01
18.86,-427.91,,16.16,-0.16
18.9,-427.98,,16.15,0.04
18.93,-427.96,,16.15,0.08
18.96,-427.93,,16.16,-0.25
19,-428.04,,16.15,0.19
19.03,-427.95,,16.15,0.08
19.06,-427.92,,16.16,0.09
19.1,-427.88,,16.16,-0.02
19.13,-427.89,,16.16,-0.24
19.16,-428,,16.15,0.17
19.2,-427.92,,16.16,0
19.23,-427.92,,16.16,0.14
19.26,-427.87,,16.16,0.17
19.3,-427.79,,16.17,-0.14
19.33,-427.85,,16.16,0.13
19.36,-427.8,,16.17,-0.08
19.4,-427.83,,16.16,0.12
19.43,-427.78,,16.17,0
19.46,-427.78,,16.17,0.26
19.5,-427.67,,16.18,-0.12
19.53,-427.72,,16.17,0.01
19.56,-427.72,,16.17,0.02
19.6,-427.71,,16.17,0.15
19.63,-427.64,,16.18,0.17
19.66,-427.57,,16.18,-0.66
19.7,-427.85,,16.16,0.82
19.73,-427.51,,16.19,-0.3
19.76,-427.63,,16.18,0.74
19.8,-427.32,,16.2,-0.14
19.83,-427.38,,16.2,0.9
19.86,-427,,16.23,-0.17
19.9,-427.07,,16.22,0.32
19.93,-426.94,,16.24,0.03
19.96,-426.93,,16.24,0.03
20,-426.91,,16.24,0.21
20.03,-426.83,,16.24,-0.18
20.06,-426.9,,16.24,-0.05
20.1,-426.93,,16.24,-0.02
20.13,-426.94,,16.24,0.15
20.16,-426.87,,16.24,0.27
20.2,-426.76,,16.25,-0.08
20.23,-426.79,,16.25,0.45
20.26,-426.6,,16.26,-0.04
20.3,-426.62,,16.26,-0.01
20.33,-426.62,,16.26,1.28
20.36,-426.08,,16.3,0.5
20.4,-425.87,,16.32,0.07
20.43,-425.84,,16.32,1.59
20.46,-425.17,,16.38,0.41
20.5,-425,,16.39,0.45
20.53,-424.81,,16.4,0.05
20.56,-424.79,,16.41,1.62
20.6,-424.11,,16.46,0.35
20.63,-423.96,,16.47,0.23
20.66,-423.87,,16.48,0.15
20.7,-423.8,,16.48,1.3
20.73,-423.26,,16.53,-0.65
20.76,-423.53,,16.51,-0.03
20.8,-423.54,,16.5,-0.38
20.83,-423.7,,16.49,-0.63
20.86,-423.97,,16.47,0
20.9,-423.97,,16.47,-0.31
20.93,-424.1,,16.46,-0.24
20.96,-424.2,,16.45,-0.33
21,-424.34,,16.44,-0.5
21.03,-424.55,,16.42,-0.35
21.06,-424.7,,16.41,-0.31
21.1,-424.83,,16.4,0.24
21.13,-424.73,,16.41,-0.19
21.16,-424.8,,16.4,0.71
21.2,-424.5,,16.43,-0.52
21.23,-424.72,,16.41,0.94
21.26,-424.33,,16.44,0.79
21.3,-423.99,,16.47,0.06
21.33,-423.97,,16.47,0.07
21.36,-423.94,,16.47,0.06
21.4,-423.91,,16.47,-0.08
21.43,-423.95,,16.47,0.01
21.46,-423.94,,16.47,-0.03
21.5,-423.96,,16.47,-0.03
21.53,-423.97,,16.47,-0.02
21.56,-423.98,,16.47,0.03
21.6,-423.96,,16.47,-0.15
21.63,-424.03,,16.47,0.07
21.66,-424,,16.47,-1.14
21.7,-424.48,,16.43,0.75
21.73,-424.16,,16.46,-0.34
21.76,-424.31,,16.44,0.5
21.8,-424.09,,16.46,0.27
21.83,-423.98,,16.47,0.11
21.86,-423.93,,16.47,0.09
21.9,-423.89,,16.48,0.15
21.93,-423.83,,16.48,0.03
21.96,-423.82,,16.48,-0.12
22,-423.87,,16.48,0.42
22.03,-423.69,,16.49,-0.05
22.06,-423.71,,16.49,-0.53
22.1,-423.93,,16.47,0.06
22.13,-423.91,,16.48,-0.3
22.16,-424.03,,16.47,0.52
22.2,-423.81,,16.48,-0.33
22.23,-423.95,,16.47,-0.04
22.26,-423.97,,16.47,0.03
22.3,-423.96,,16.47,-0.11
22.33,-424,,16.47,0.15
22.36,-423.94,,16.47,-0.2
22.4,-424.02,,16.47,0.26
22.43,-423.91,,16.48,0.39
22.46,-423.75,,16.49,0.95
22.5,-423.35,,16.52,-0.46
22.53,-423.54,,16.5,-0.37
22.56,-423.7,,16.49,-0.07
22.6,-423.73,,16.49,0.22
22.63,-423.64,,16.5,-0.22
22.66,-423.73,,16.49,-0.16
22.7,-423.8,,16.48,0.02
22.73,-423.79,,16.48,-0.37
22.76,-423.95,,16.47,0.03
22.8,-423.94,,16.47,0
22.83,-423.93,,16.47,0.06
22.86,-423.91,,16.48,-0.19
22.9,-423.99,,16.47,0.08
22.93,-423.96,,16.47,0.12
22.96,-423.91,,16.48,-0.09
23,-423.95,,16.47,0.23
23.03,-423.85,,16.48,-0.38
23.06,-424,,16.47,0.23
23.1,-423.91,,16.48,0.15
23.13,-423.84,,16.48,0.71
23.16,-423.54,,16.5,-0.82
23.2,-423.89,,16.48,-0.02
23.23,-423.9,,16.48,-0.01
23.26,-423.9,,16.48,0.46
23.3,-423.71,,16.49,-0.64
23.33,-423.98,,16.47,0.07
23.36,-423.95,,16.47,-0.15
23.4,-424.01,,16.47,-0.03
23.43,-424.02,,16.47,0.12
23.46,-423.97,,16.47,0.09
23.5,-423.94,,16.47,-0.08
23.53,-423.97,,16.47,0.02
23.56,-423.96,,16.47,-0.03
23.6,-423.97,,16.47,0.04
23.63,-423.96,,16.47,-0.02
23.66,-423.96,,16.47,0.11
23.7,-423.91,,16.47,0.15
23.73,-423.85,,16.48,-0.19
23.76,-423.93,,16.47,-0.13
23.8,-423.98,,16.47,0.15
23.83,-423.92,,16.47,0.07
23.86,-423.89,,16.48,-0.2
23.9,-423.98,,16.47,0.18
23.93,-423.9,,16.48,-0.11
23.96,-423.95,,16.47,0.05
24,-423.93,,16.47,-0.01
24.03,-423.93,,16.47,-0.01
24.06,-423.94,,16.47,-0.1
24.1,-423.98,,16.47,0.1
24.13,-423.94,,16.47,-0.07
24.16,-423.97,,16.47,-0.1
24.2,-424.01,,16.47,0.28
24.23,-423.89,,16.48,-0.02
24.26,-423.9,,16.48,-0.15
24.3,-423.96,,16.47,0.06
24.33,-423.94,,16.47,-0.14
24.36,-424,,16.47,0.26
24.4,-423.89,,16.48,-0.15
24.43,-423.95,,16.47,0.03
24.46,-423.94,,16.47,0.01
24.5,-423.94,,16.47,0
24.53,-423.93,,16.47,0.03
24.56,-423.92,,16.47,0.06
24.6,-423.9,,16.48,0.16
24.63,-423.83,,16.48,-0.05
24.66,-423.85,,16.48,-0.15
24.7,-423.91,,16.47,0.12
24.73,-423.86,,16.48,-0.05
24.76,-423.88,,16.48,-0.09
24.8,-423.92,,16.47,0.17
24.83,-423.85,,16.48,-0.12
24.86,-423.9,,16.48,-0.01
24.9,-423.91,,16.48,0.02
24.93,-423.9,,16.48,-0.13
24.96,-423.95,,16.47,0.08
25,-423.92,,16.47,-0.07
25.03,-423.95,,16.47,0.18
25.06,-423.87,,16.48,-0.1
25.1,-423.92,,16.47,-0.04
25.13,-423.94,,16.47,-0.09
25.16,-423.97,,16.47,-0.11
25.2,-424.02,,16.47,0.14
25.23,-423.96,,16.47,-0.17
25.26,-424.03,,16.47,0.22
25.3,-423.94,,16.47,0.17
25.33,-423.87,,16.48,0.08
25.36,-423.84,,16.48,-0.08
25.4,-423.87,,16.48,0.31
25.43,-423.74,,16.49,-0.47
25.46,-423.94,,16.47,0.03
25.5,-423.92,,16.47,0.04
25.53,-423.91,,16.48,-0.1
25.56,-423.95,,16.47,0.05
25.6,-423.93,,16.47,-0.03
25.63,-423.94,,16.47,-0.04
25.66,-423.96,,16.47,-0.05
25.7,-423.98,,16.47,0.14
25.73,-423.92,,16.47,0.25
25.76,-423.81,,16.48,-0.18
25.8,-423.89,,16.48,0.16
25.83,-423.82,,16.48,0.36
25.86,-423.67,,16.49,-0.61
25.9,-423.93,,16.47,0.34
25.93,-423.78,,16.49,-0.29
25.96,-423.91,,16.48,-0.07
26,-423.94,,16.47,0.02
26.03,-423.93,,16.47,0.02
26.06,-423.92,,16.47,0.21
26.1,-423.83,,16.48,0.49
26.13,-423.63,,16.5,-0.04
26.16,-423.64,,16.5,-0.3
26.2,-423.77,,16.49,-0.38
26.23,-423.93,,16.47,0.37
26.26,-423.77,,16.49,-0.09
26.3,-423.81,,16.48,0.75
26.33,-423.49,,16.51,-0.3
26.36,-423.62,,16.5,-0.43
26.4,-423.8,,16.48,-0.15
26.43,-423.86,,16.48,-0.06
26.46,-423.89,,16.48,0.35
26.5,-423.74,,16.49,-0.19
26.53,-423.82,,16.48,-0.1
26.56,-423.86,,16.48,-0.07
26.6,-423.89,,16.48,-0.02
26.63,-423.9,,16.48,0.4
26.66,-423.73,,16.49,0.04
26.7,-423.72,,16.49,-0.37
26.73,-423.87,,16.48,0.14
26.76,-423.81,,16.48,0.25
26.8,-423.71,,16.49,-0.23
26.83,-423.8,,16.48,-0.13
26.86,-423.86,,16.48,-0.1
26.9,-423.9,,16.48,-0.06
26.93,-423.93,,16.47,0.38
26.96,-423.77,,16.49,0.1
27,-423.73,,16.49,0.82
27.03,-423.38,,16.52,0.91
27.06,-423,,16.55,0.11
27.1,-422.95,,16.55,1.49
27.13,-422.32,,16.6,0.88
27.16,-421.95,,16.63,0.65
27.2,-421.68,,16.65,1.65
27.23,-420.98,,16.71,1.44
27.26,-420.38,,16.76,1.07
27.3,-419.92,,16.79,0.34
27.33,-419.78,,16.8,1.01
27.36,-419.36,,16.84,0.54
27.4,-419.13,,16.85,-0.67
27.43,-419.41,,16.83,-0.71
27.46,-419.71,,16.81,-0.4
27.5,-419.88,,16.79,-0.28
27.53,-420,,16.79,-1.76
27.56,-420.74,,16.73,-0.17
27.6,-420.81,,16.72,-0.33
27.63,-420.95,,16.71,0.26
27.66,-420.84,,16.72,0.54
27.7,-420.61,,16.74,-0.38
27.73,-420.77,,16.72,0.92
27.76,-420.39,,16.75,0.54
27.8,-420.16,,16.77,0.55
27.83,-419.93,,16.79,0.16
27.86,-419.87,,16.8,-0.07
27.9,-419.9,,16.79,-0.04
27.93,-419.91,,16.79,0.03
27.96,-419.9,,16.79,-0.08
28,-419.93,,16.79,-0.12
28.03,-419.98,,16.79,-0.22
28.06,-420.07,,16.78,0.02
28.1,-420.06,,16.78,0.19
28.13,-419.99,,16.79,0.06
28.16,-419.96,,16.79,0.12
28.2,-419.91,,16.79,-0.11
28.23,-419.96,,16.79,0.32
28.26,-419.82,,16.8,0.53
28.3,-419.6,,16.82,1.26
28.33,-419.07,,16.86,0.23
28.36,-418.97,,16.87,0.09
28.4,-418.93,,16.87,0.3
28.43,-418.81,,16.88,0.64
28.46,-418.54,,16.9,-0.2
28.5,-418.62,,16.89,-0.15
28.53,-418.68,,16.89,0.06
28.56,-418.66,,16.89,0.04
28.6,-418.64,,16.89,0.39
28.63,-418.48,,16.91,0.33
28.66,-418.34,,16.92,0.96
28.7,-417.94,,16.95,1
28.73,-417.52,,16.98,1.03
28.76,-417.09,,17.02,0.4
28.8,-416.91,,17.03,2.08
28.83,-416.04,,17.1,1.62
28.86,-415.36,,17.15,3.13
28.9,-414.04,,17.26,2.52
28.93,-412.98,,17.34,2.61
28.96,-411.88,,17.43,2.59
29,-410.79,,17.51,2.3
29.03,-409.83,,17.59,2.31
29.06,-408.85,,17.67,2.56
29.1,-407.78,,17.75,2.09
29.13,-406.9,,17.82,2.01
29.16,-406.05,,17.89,0.85
29.2,-405.69,,17.92,0.85
29.23,-405.34,,17.95,1.05
29.26,-404.9,,17.98,0.96
29.3,-404.49,,18.01,-0.49
29.33,-404.7,,18,0.15
29.36,-404.64,,18,-0.67
29.4,-404.92,,17.98,-0.08
29.43,-404.96,,17.98,-0.07
29.46,-404.98,,17.97,-0.36
29.5,-405.14,,17.96,0.08
29.53,-405.1,,17.96,0.41
29.56,-404.93,,17.98,-0.22
29.6,-405.02,,17.97,0.21
29.63,-404.94,,17.98,0.28
29.66,-404.82,,17.99,1.41
29.7,-404.22,,18.03,0.86
29.73,-403.86,,18.06,0.79
29.76,-403.53,,18.09,1.46
29.8,-402.92,,18.14,1.95
29.83,-402.1,,18.2,2.6
29.86,-401,,18.29,2.56
29.9,-399.93,,18.37,2.25
29.93,-398.98,,18.45,2.31
29.96,-398.01,,18.53,2.01
30,-397.16,,18.59,0.79
30.03,-396.83,,18.62,0.89
30.06,-396.45,,18.65,0.26
30.1,-396.34,,18.66,0.65
30.13,-396.07,,18.68,-0.02
30.16,-396.08,,18.68,-1.31
30.2,-396.63,,18.64,-1.12
30.23,-397.1,,18.6,-1.44
30.26,-397.7,,18.55,-0.68
30.3,-397.99,,18.53,-2.07
30.33,-398.86,,18.46,-0.43
30.36,-399.04,,18.44,-0.4
30.4,-399.2,,18.43,-0.68
30.43,-399.49,,18.41,0.15
30.46,-399.42,,18.41,1.05
30.5,-398.98,,18.45,0.24
30.53,-398.88,,18.46,2.15
30.56,-397.98,,18.53,2.02
30.6,-397.13,,18.6,2.38
30.63,-396.12,,18.68,2.49
30.66,-395.07,,18.76,2.58
30.7,-393.99,,18.84,2.48
30.73,-392.94,,18.93,2.41
30.76,-391.93,,19.01,2.64
30.8,-390.82,,19.1,2.49
30.83,-389.77,,19.18,2.08
30.86,-388.89,,19.25,1.81
30.9,-388.13,,19.31,0.59
30.93,-387.89,,19.33,1.95
30.96,-387.06,,19.39,1.22
31,-386.55,,19.43,1.17
31.03,-386.06,,19.47,0.29
31.06,-385.94,,19.48,0.49
31.1,-385.73,,19.5,-0.02
31.13,-385.74,,19.5,-0.16
31.16,-385.8,,19.49,-0.33
31.2,-385.94,,19.48,-0.05
31.23,-385.96,,19.48,-0.12
31.26,-386.01,,19.48,0.03
31.3,-386,,19.48,-0.38
31.33,-386.16,,19.46,0.52
31.36,-385.94,,19.48,0.34
31.4,-385.8,,19.49,0.69
31.43,-385.51,,19.52,1.25
31.46,-384.99,,19.56,2.02
31.5,-384.13,,19.63,0.64
31.53,-383.86,,19.65,1.58
31.56,-383.2,,19.7,0.84
31.6,-382.84,,19.73,1.6
31.63,-382.17,,19.78,1.3
31.66,-381.63,,19.82,1.14
31.7,-381.15,,19.86,1.2
31.73,-380.64,,19.9,1.48
31.76,-380.02,,19.95,0.61
31.8,-379.76,,19.97,0.13
31.83,-379.71,,19.98,1.39
31.86,-379.13,,20.02,0.43
31.9,-378.94,,20.04,0.33
31.93,-378.8,,20.05,1.13
31.96,-378.33,,20.08,0.61
32,-378.07,,20.11,0.35
32.03,-377.93,,20.12,1.39
32.06,-377.34,,20.16,1.02
32.1,-376.91,,20.2,1.44
32.13,-376.31,,20.25,1.86
32.16,-375.52,,20.31,1.5
32.2,-374.89,,20.36,2.55
32.23,-373.82,,20.44,1.76
32.26,-373.08,,20.5,2.68
32.3,-371.95,,20.59,2.4
32.33,-370.94,,20.67,1.96
32.36,-370.11,,20.74,2.65
32.4,-369,,20.82,2.37
32.43,-368,,20.9,2.34
32.46,-367.01,,20.98,2.21
32.5,-366.08,,21.05,2.63
32.53,-364.98,,21.14,1.74
32.56,-364.24,,21.2,0.98
32.6,-363.83,,21.23,0.11
32.63,-363.78,,21.24,-0.1
32.66,-363.82,,21.23,-0.77
32.7,-364.15,,21.21,-1.41
32.73,-364.74,,21.16,-0.45
32.76,-364.93,,21.15,-2.19
32.8,-365.85,,21.07,-0.35
32.83,-366,,21.06,-0.65
32.86,-366.27,,21.04,0.3
32.9,-366.15,,21.05,0.15
32.93,-366.09,,21.05,0.09
32.96,-366.05,,21.06,0.61
33,-365.79,,21.08,1.91
33.03,-364.99,,21.14,0.66
33.06,-364.71,,21.16,1.54
33.1,-364.06,,21.22,0.58
33.13,-363.82,,21.23,1.16
33.16,-363.33,,21.27,0.93
33.2,-362.94,,21.3,0.05
33.23,-362.91,,21.31,0.62
33.26,-362.65,,21.33,1.12
33.3,-362.18,,21.36,0.47
33.33,-361.99,,21.38,0.96
33.36,-361.58,,21.41,1.46
33.4,-360.97,,21.46,0.8
33.43,-360.63,,21.49,1.73
33.46,-359.91,,21.54,1.27
33.5,-359.37,,21.59,2.78
33.53,-358.2,,21.68,1.19
33.56,-357.7,,21.72,0.84
33.6,-357.34,,21.75,1.22
33.63,-356.83,,21.79,1.27
33.66,-356.3,,21.83,0.49
33.7,-356.09,,21.85,0.19
33.73,-356.01,,21.85,0.52
33.76,-355.79,,21.87,-0.1
33.8,-355.83,,21.87,0.46
33.83,-355.64,,21.88,0.71
33.86,-355.34,,21.91,0.95
33.9,-354.94,,21.94,0.6
33.93,-354.69,,21.96,1.73
33.96,-353.96,,22.02,2.08
34,-353.08,,22.08,1.15
34.03,-352.6,,22.12,2.3
34.06,-351.63,,22.2,2.79
34.1,-350.45,,22.29,2.92
34.13,-349.23,,22.39,2.59
34.16,-348.13,,22.48,1.34
34.2,-347.57,,22.52,2.07
34.23,-346.7,,22.59,1.95
34.26,-345.88,,22.65,2.04
34.3,-345.02,,22.72,2.24
34.33,-344.08,,22.8,0.48
34.36,-343.88,,22.81,0.02
34.4,-343.87,,22.81,0.09
34.43,-343.83,,22.82,0.07
34.46,-343.8,,22.82,-0.22
34.5,-343.89,,22.81,-0.5
34.53,-344.1,,22.8,-0.04
34.56,-344.12,,22.79,0.1
34.6,-344.08,,22.8,-0.15
34.63,-344.14,,22.79,0.55
34.66,-343.91,,22.81,1.66
34.7,-343.21,,22.87,0.81
34.73,-342.87,,22.89,1.88
34.76,-342.07,,22.96,1.82
34.8,-341.31,,23.02,2.51
34.83,-340.25,,23.1,2.89
34.86,-339.04,,23.2,2.59
34.9,-337.94,,23.28,2.42
34.93,-336.92,,23.36,2.69
34.96,-335.79,,23.45,2.22
35,-334.86,,23.53,1.9
35.03,-334.06,,23.59,1.52
35.06,-333.42,,23.64,1.43
35.1,-332.82,,23.69,1.89
35.13,-332.02,,23.75,0.78
35.16,-331.69,,23.78,1
35.2,-331.27,,23.81,1.03
35.23,-330.84,,23.85,0.04
35.26,-330.82,,23.85,0.28
35.3,-330.7,,23.86,0.11
35.33,-330.66,,23.86,0.44
35.36,-330.48,,23.87,0.38
35.4,-330.31,,23.89,0.53
35.43,-330.09,,23.91,0.25
35.46,-329.99,,23.91,0.94
35.5,-329.59,,23.94,0.93
35.53,-329.2,,23.98,1.07
35.56,-328.75,,24.01,1.93
35.6,-327.93,,24.08,1.39
35.63,-327.35,,24.12,3.18
35.66,-326.01,,24.23,2.43
35.7,-324.98,,24.31,2.72
35.73,-323.84,,24.4,2.28
35.76,-322.88,,24.48,2.06
35.8,-322.01,,24.54,1.83
35.83,-321.24,,24.61,0.81
35.86,-320.9,,24.63,1.31
35.9,-320.35,,24.68,0.49
35.93,-320.14,,24.69,0.45
35.96,-319.95,,24.71,0.19
36,-319.87,,24.71,-0.09
36.03,-319.91,,24.71,0.36
36.06,-319.75,,24.72,-0.6
36.1,-320.01,,24.7,-0.02
36.13,-320.02,,24.7,0.22
36.16,-319.92,,24.71,-0.28
36.2,-320.04,,24.7,0.05
36.23,-320.02,,24.7,0.04
36.26,-320,,24.7,0.13
36.3,-319.95,,24.71,0.07
36.33,-319.92,,24.71,1.9
36.36,-319.12,,24.77,0.46
36.4,-318.93,,24.79,0.35
36.43,-318.78,,24.8,1.9
36.46,-317.98,,24.86,2.14
36.5,-317.08,,24.94,2.02
36.53,-316.23,,25,1.01
36.56,-315.81,,25.04,1.56
36.6,-315.15,,25.09,0.54
36.63,-314.92,,25.11,2.09
36.66,-314.04,,25.18,0.5
36.7,-313.83,,25.19,1.37
36.73,-313.26,,25.24,0.84
36.76,-312.9,,25.27,0.77
36.8,-312.58,,25.29,1.42
36.83,-311.98,,25.34,1.52
36.86,-311.34,,25.39,1.23
36.9,-310.82,,25.43,1.57
36.93,-310.16,,25.48,0.85
36.96,-309.81,,25.51,1.59
37,-309.14,,25.56,0.66
37.03,-308.86,,25.59,0.61
37.06,-308.61,,25.61,0.55
37.1,-308.38,,25.62,0.54
37.13,-308.15,,25.64,0.71
37.16,-307.85,,25.67,-0.06
37.2,-307.88,,25.66,1.38
37.23,-307.29,,25.71,0.54
37.26,-307.07,,25.73,0.29
37.3,-306.94,,25.74,0.31
37.33,-306.81,,25.75,-0.02
37.36,-306.82,,25.75,0.46
37.4,-306.63,,25.76,1.04
37.43,-306.19,,25.8,0.76
37.46,-305.87,,25.82,1.82
37.5,-305.1,,25.88,0.74
37.53,-304.79,,25.91,2.03
37.56,-303.94,,25.98,1.21
37.6,-303.43,,26.02,1.47
37.63,-302.81,,26.07,1.82
37.66,-302.04,,26.13,1.17
37.7,-301.55,,26.17,1.22
37.73,-301.04,,26.21,0.5
37.76,-300.83,,26.22,1.4
37.8,-300.24,,26.27,1.07
37.83,-299.79,,26.3,1.57
37.86,-299.13,,26.36,0.67
37.9,-298.85,,26.38,1.74
37.93,-298.12,,26.44,1.85
37.96,-297.34,,26.5,2.13
38,-296.44,,26.57,2.16
38.03,-295.53,,26.64,2.21
38.06,-294.6,,26.72,3.94
38.1,-292.95,,26.85,3.7
38.13,-291.39,,26.97,4.18
38.16,-289.63,,27.11,4.2
38.2,-287.86,,27.25,4.78
38.23,-285.85,,27.41,4.75
38.26,-283.85,,27.57,4.38
38.3,-282.01,,27.71,4.86
38.33,-279.96,,27.88,2.61
38.36,-278.86,,27.96,4.52
38.4,-276.96,,28.11,2.2
38.43,-276.03,,28.19,1.94
38.46,-275.22,,28.25,0.45
38.5,-275.03,,28.27,0.19
38.53,-274.95,,28.27,-0.18
38.56,-275.03,,28.27,-0.27
38.6,-275.14,,28.26,-1.87
38.63,-275.93,,28.19,-0.19
38.66,-276.01,,28.19,-1.55
38.7,-276.66,,28.14,-0.63
38.73,-276.93,,28.12,-0.02
38.76,-276.93,,28.12,0.11
38.8,-276.89,,28.12,0.31
38.83,-276.76,,28.13,1.93
38.86,-275.95,,28.19,1.98
38.9,-275.11,,28.26,2.33
38.93,-274.13,,28.34,2.7
38.96,-273,,28.43,2.81
39,-271.82,,28.52,3.57
39.03,-270.32,,28.64,3.49
39.06,-268.84,,28.76,2.89
39.1,-267.63,,28.85,3.52
39.13,-266.14,,28.97,3.59
39.16,-264.63,,29.09,3.77
39.2,-263.05,,29.21,2.84
39.23,-261.85,,29.31,4.14
39.26,-260.11,,29.45,2.57
39.3,-259.02,,29.53,2.09
39.33,-258.14,,29.6,1.22
39.36,-257.63,,29.64,1.25
39.4,-257.1,,29.69,0.25
39.43,-256.99,,29.69,0.47
39.46,-256.8,,29.71,0.69
39.5,-256.51,,29.73,0.07
39.53,-256.47,,29.74,1.17
39.56,-255.98,,29.77,2.07
39.6,-255.11,,29.84,1.97
39.63,-254.29,,29.91,2.33
39.66,-253.31,,29.99,3.03
39.7,-252.03,,30.09,3.52
39.73,-250.55,,30.2,3.91
39.76,-248.9,,30.33,5.16
39.8,-246.73,,30.51,4.3
39.83,-244.92,,30.65,5.56
39.86,-242.58,,30.84,6.2
39.9,-239.97,,31.04,5.06
39.93,-237.84,,31.21,5.68
39.96,-235.46,,31.4,4.22
40,-233.68,,31.54,4.6
40.03,-231.74,,31.69,3.82
40.06,-230.13,,31.82,3.33
40.1,-228.73,,31.93,3.19
40.13,-227.39,,32.04,3.35
40.16,-225.98,,32.15,2.17
40.2,-225.07,,32.22,2.31
40.23,-224.1,,32.3,2.18
40.26,-223.18,,32.37,1.85
40.3,-222.4,,32.43,1.81
40.33,-221.64,,32.49,1.49
40.36,-221.01,,32.54,0.29
40.4,-220.89,,32.55,0.17
40.43,-220.82,,32.56,-0.52
40.46,-221.03,,32.54,-1.45
40.5,-221.64,,32.49,-1.33
40.53,-222.2,,32.45,-1.36
40.56,-222.78,,32.4,-0.87
40.6,-223.14,,32.38,-1.56
40.63,-223.8,,32.32,-0.71
40.66,-224.1,,32.3,0.02
40.7,-224.09,,32.3,-0.38
40.73,-224.25,,32.29,0.57
40.76,-224.01,,32.31,0.86
40.8,-223.65,,32.33,1.69
40.83,-222.94,,32.39,3.46
40.86,-221.48,,32.51,2.75
40.9,-220.33,,32.6,3.64
40.93,-218.79,,32.72,4.32
40.96,-216.97,,32.86,4.39
41,-215.13,,33.01,5.14
41.03,-212.96,,33.18,4.62
41.06,-211.02,,33.34,4.41
41.1,-209.16,,33.48,4.72
41.13,-207.18,,33.64,3.29
41.16,-205.79,,33.75,4.69
41.2,-203.82,,33.91,3.39
41.23,-202.39,,34.02,3.48
41.26,-200.93,,34.13,3.6
41.3,-199.41,,34.25,3.35
41.33,-198,,34.37,2.37
41.36,-197,,34.45,2.67
41.4,-195.88,,34.53,2.53
41.43,-194.81,,34.62,2.44
41.46,-193.79,,34.7,2.5
41.5,-192.74,,34.78,2.98
41.53,-191.48,,34.88,2.85
41.56,-190.28,,34.98,4.45
41.6,-188.41,,35.13,3.94
41.63,-186.75,,35.26,4.13
41.66,-185.01,,35.4,4.89
41.7,-182.95,,35.56,6.43
41.73,-180.24,,35.77,5.58
41.76,-177.9,,35.96,5.22
41.8,-175.7,,36.13,7.82
41.83,-172.41,,36.39,6.14
41.86,-169.83,,36.6,8.07
41.9,-166.43,,36.87,8.71
41.93,-162.76,,37.16,6.94
41.96,-159.84,,37.39,8.4
42,-156.31,,37.67,7.33
42.03,-153.23,,37.91,6.74
42.06,-150.39,,38.14,10.31
42.1,-146.05,,38.48,6.61
42.13,-143.27,,38.7,5.26
42.16,-141.05,,38.88,9.82
42.2,-136.92,,39.2,5.9
42.23,-134.44,,39.4,5.83
42.26,-131.98,,39.59,5.21
42.3,-129.79,,39.77,6.39
42.33,-127.1,,39.98,9.5
42.36,-123.1,,40.3,4.91
42.4,-121.03,,40.46,6.64
42.43,-118.24,,40.68,8.51
42.46,-114.66,,40.97,6.53
42.5,-111.91,,41.18,4.85
42.53,-109.87,,41.35,7.3
42.56,-106.8,,41.59,9.32
42.6,-102.87,,41.9,6.34
42.63,-100.2,,42.11,5.51
42.66,-98,,42.29,4.54
42.69,-96.09,,42.44,4.76
42.73,-94.08,,42.6,8.92
42.76,-90.33,,42.89,5.37
42.79,-88.07,,43.07,4.42
42.83,-86.21,,43.22,4.65
42.86,-84.25,,43.37,5.37
42.89,-81.99,,43.55,7.4
42.93,-78.87,,43.8,5.08
42.96,-76.74,,43.97,5.25
42.99,-74.53,,44.14,4.39
43.03,-72.68,,44.29,8.42
43.06,-69.14,,44.57,5.36
43.09,-66.88,,44.75,5.43
43.13,-64.6,,44.93,5.43
43.16,-62.31,,45.11,5.8
43.19,-59.87,,45.31,9.31
43.23,-55.95,,45.62,6.42
43.26,-53.25,,45.83,5.83
43.29,-50.79,,46.02,6.5
43.33,-48.06,,46.24,8.63
43.36,-44.42,,46.53,8.08
43.39,-41.02,,46.8,7.05
43.43,-38.06,,47.03,6.35
43.46,-35.38,,47.24,8.27
43.49,-31.9,,47.52,6.85
43.53,-29.02,,47.75,6.6
43.56,-26.24,,47.97,6.85
43.59,-23.36,,48.2,7.78
43.63,-20.08,,48.46,6.85
43.66,-17.2,,48.69,8.39
43.69,-13.67,,48.96,6.36
43.73,-10.99,,49.18,9.33
43.76,-7.06,,49.49,6.48
43.79,-4.34,,49.7,8.42
43.83,-0.79,,49.98,6.35
43.86,1.88,,50.2,7.73
43.89,5.13,,50.45,6.71
43.93,7.96,,50.68,4.58
43.96,9.89,,50.83,7.65
43.99,13.11,,51.08,5.15
44.03,15.27,,51.26,6.77
44.06,18.12,,51.48,5.27
44.09,20.34,,51.66,6.17
44.13,22.94,,51.86,7.5
44.16,26.09,,52.11,6.93
44.19,29.01,,52.34,6.98
44.23,31.95,,52.58,7.28
44.26,35.01,,52.82,9.5
44.29,39.01,,53.14,7.36
44.33,42.11,,53.38,9.08
44.36,45.93,,53.68,9.38
44.39,49.88,,54,7.64
44.43,53.09,,54.25,9
44.46,56.88,,54.55,7.53
44.49,60.05,,54.8,7.85
44.53,63.36,,55.06,6.84
44.56,66.24,,55.29,8.69
44.59,69.9,,55.58,7.05
44.63,72.86,,55.82,6.75
44.66,75.7,,56.04,7.49
44.69,78.86,,56.29,6.12
44.73,81.43,,56.5,6.68
44.76,84.24,,56.72,6.9
44.79,87.14,,56.95,5.3
44.83,89.37,,57.13,4.67
44.86,91.34,,57.28,4.52
44.89,93.24,,57.43,4.39
44.93,95.09,,57.58,4.89
44.96,97.15,,57.74,4.25
44.99,98.94,,57.88,4.92
45.03,101.01,,58.05,5.14
45.06,103.17,,58.22,5.41
45.09,105.45,,58.4,6.3
45.13,108.11,,58.61,7.1
45.16,111.09,,58.85,7.36
45.19,114.19,,59.09,7.01
45.23,117.14,,59.32,9.02
45.26,120.94,,59.62,7.45
45.29,124.07,,59.87,7.28
45.33,127.14,,60.12,8.5
45.36,130.71,,60.4,7.52
45.39,133.88,,60.65,7.67
45.43,137.11,,60.91,6.91
45.46,140.01,,61.14,7.21
45.49,143.05,,61.38,6.61
45.53,145.83,,61.6,5.62
45.56,148.2,,61.78,6.42
45.59,150.9,,62,5.51
45.63,153.22,,62.18,6.33
45.66,155.88,,62.39,6.87
45.69,158.77,,62.62,6.59
45.73,161.55,,62.84,5.51
45.76,163.86,,63.02,6.12
45.79,166.44,,63.23,6.64
45.83,169.23,,63.45,6.88
45.86,172.13,,63.68,6.86
45.89,175.02,,63.91,9.99
45.93,179.22,,64.24,7.57
45.96,182.41,,64.49,7.83
45.99,185.7,,64.75,7.99
46.03,189.06,,65.02,6.92
46.06,191.98,,65.25,6.93
46.09,194.89,,65.48,7.65
46.13,198.12,,65.74,7.63
46.16,201.33,,65.99,8.85
46.19,205.05,,66.29,7.25
46.23,208.1,,66.53,5.69
46.26,210.5,,66.72,9.22
46.29,214.38,,67.02,8.33
46.33,217.88,,67.3,6.09
46.36,220.45,,67.51,8.52
46.39,224.03,,67.79,6.49
46.43,226.76,,68.01,9.88
46.46,230.92,,68.34,7.2
46.49,233.95,,68.58,7.36
46.53,237.05,,68.82,10.8
46.56,241.6,,69.18,6.7
46.59,244.42,,69.4,9.12
46.63,248.26,,69.71,9.37
46.66,252.2,,70.02,7.14
46.69,255.2,,70.26,9.26
46.73,259.1,,70.57,9.71
46.76,263.19,,70.89,6.05
46.79,265.73,,71.09,8.54
46.83,269.33,,71.38,8.89
46.86,273.07,,71.67,4.68
46.89,275.04,,71.83,9.5
46.93,279.04,,72.15,7.72
46.96,282.29,,72.4,4.53
46.99,284.19,,72.55,9.05
47.03,288,,72.86,8.03
47.06,291.38,,73.12,5.74
47.09,293.8,,73.31,7.48
47.13,296.95,,73.56,6
47.16,299.48,,73.76,7.73
47.19,302.73,,74.02,10.24
47.23,307.04,,74.36,4.8
47.26,309.06,,74.52,9.53
47.29,313.07,,74.84,5.06
47.33,315.2,,75.01,8.45
47.36,318.76,,75.29,9.47
47.39,322.75,,75.61,8.23
47.43,326.21,,75.88,6.12
47.46,328.78,,76.09,7.95
47.49,332.13,,76.35,9.34
47.53,336.06,,76.66,4.69
47.56,338.04,,76.82,8.33
47.59,341.54,,77.1,8.31
47.63,345.04,,77.37,7.56
47.66,348.22,,77.63,6.36
47.69,350.9,,77.84,9.11
47.73,354.74,,78.14,9.03
47.76,358.54,,78.44,8.21
47.79,361.99,,78.72,7.27
47.83,365.05,,78.96,9.4
47.86,369.01,,79.27,7.98
47.89,372.37,,79.54,8.68
47.93,376.02,,79.83,5.92
47.96,378.51,,80.02,8.17
47.99,381.95,,80.3,9.24
48.03,385.84,,80.6,6.5
48.06,388.57,,80.82,10.09
48.09,392.82,,81.16,7.4
48.13,395.94,,81.4,6.61
48.16,398.72,,81.62,8.76
48.19,402.41,,81.92,8.79
48.23,406.1,,82.21,4.89
48.26,408.16,,82.37,8.82
48.29,411.87,,82.67,7.6
48.33,415.07,,82.92,8.89
48.36,418.81,,83.22,7.72
48.39,422.07,,83.47,5.02
48.43,424.18,,83.64,7.28
48.46,427.24,,83.88,7.31
48.49,430.32,,84.13,8.35
48.53,433.84,,84.41,5.41
48.56,436.11,,84.59,7.58
48.59,439.3,,84.84,6.68
48.63,442.11,,85.06,8.08
48.66,445.51,,85.33,6.58
48.69,448.28,,85.55,6.83
48.73,451.16,,85.78,4.48
48.76,453.04,,85.93,7.23
48.79,456.09,,86.17,6.57
48.83,458.85,,86.39,6.36
48.86,461.53,,86.6,6.15
48.89,464.12,,86.8,5.67
48.93,466.5,,86.99,5.9
48.96,468.99,,87.19,3.23
48.99,470.34,,87.3,4.6
49.03,472.28,,87.45,5.58
49.06,474.63,,87.64,5.84
49.09,477.09,,87.83,5.06
49.13,479.22,,88,4.58
49.16,481.14,,88.15,5.63
49.19,483.51,,88.34,2.35
49.23,484.5,,88.42,5.27
49.26,486.72,,88.59,5.41
49.29,489,,88.77,5.16
49.33,491.17,,88.95,5.96
49.36,493.68,,89.14,5.68
49.39,496.07,,89.33,4.47
49.43,497.95,,89.48,6.28
49.46,500.59,,89.69,5.83
49.49,503.04,,89.89,7
49.53,505.99,,90.12,5.21
49.56,508.18,,90.29,2.31
49.59,509.16,,90.37,5.96
49.63,511.66,,90.57,5.32
49.66,513.9,,90.75,4.06
49.69,515.61,,90.88,4.18
49.73,517.37,,91.02,4.21
49.76,519.14,,91.16,3.68
49.79,520.69,,91.28,4
49.83,522.37,,91.42,3.09
49.86,523.67,,91.52,4.03
49.89,525.37,,91.65,1.42
49.93,525.96,,91.7,3.14
49.96,527.28,,91.81,6.69
49.99,530.1,,92.03,4.71
50.03,532.08,,92.19,7.34
50.06,535.17,,92.43,7.11
50.09,538.16,,92.67,3.33
50.13,539.56,,92.78,7.58
50.16,542.75,,93.03,8.77
50.19,546.44,,93.32,7.34
50.23,549.53,,93.57,8.29
50.26,553.02,,93.84,5.1
50.29,555.17,,94.01,7.45
50.33,558.3,,94.26,9.07
50.36,562.12,,94.56,4.79
50.39,564.13,,94.72,8.27
50.43,567.61,,95,8.18
50.46,571.06,,95.27,7.09
50.49,574.04,,95.51,4.09
50.53,575.76,,95.65,7.85
50.56,579.07,,95.91,8.04
50.59,582.45,,96.17,5.71
50.63,584.85,,96.37,7.24
50.66,587.9,,96.61,7.13
50.69,590.9,,96.84,7.06
50.73,593.87,,97.08,7.22
50.76,596.91,,97.32,4.72
50.79,598.9,,97.48,5.23
50.83,601.1,,97.65,6.06
50.86,603.65,,97.85,5.48
50.89,605.96,,98.04,5.21
50.93,608.15,,98.21,7.07
50.96,611.13,,98.45,4.46
50.99,613,,98.59,6.55
51.03,615.76,,98.81,8.02
51.06,619.14,,99.08,6.8
51.09,622,,99.31,5.63
51.13,624.37,,99.49,6.61
51.16,627.15,,99.72,6.47
51.19,629.88,,99.93,7.1
51.23,632.87,,100.17,6.51
51.26,635.61,,100.38,5.2
51.29,637.79,,100.56,5.6
51.33,640.15,,100.74,5.49
51.36,642.46,,100.93,4.4
51.39,644.31,,101.07,4.15
51.43,646.06,,101.21,4.75
51.46,648.06,,101.37,4.87
51.49,650.11,,101.53,3.69
51.53,651.66,,101.66,4.79
51.56,653.68,,101.82,4.34
51.59,655.51,,101.96,3.82
51.63,657.12,,102.09,3.34
51.66,658.52,,102.2,3.97
51.69,660.19,,102.33,3.68
51.73,661.74,,102.45,4.62
51.76,663.69,,102.61,3.57
51.79,665.19,,102.73,4.35
51.83,667.02,,102.87,4.46
51.86,668.9,,103.02,4.98
51.89,670.99,,103.19,5.04
51.93,673.11,,103.36,5.05
51.96,675.24,,103.52,4.1
51.99,676.96,,103.66,5.29
52.03,679.19,,103.84,6.22
52.06,681.8,,104.04,4.98
52.09,683.9,,104.21,6.96
52.13,686.83,,104.44,4.73
52.16,688.82,,104.6,5.91
52.19,691.31,,104.8,6.54
52.23,694.06,,105.01,5.4
52.26,696.33,,105.19,6.61
52.29,699.12,,105.41,4.58
52.33,701.04,,105.57,6.41
52.36,703.74,,105.78,6.59
52.39,706.52,,106,5.79
52.43,708.95,,106.19,5.26
52.46,711.17,,106.37,4.08
52.49,712.88,,106.5,7.45
52.53,716.02,,106.75,5.32
52.56,718.26,,106.93,4.67
52.59,720.22,,107.09,6.15
52.63,722.81,,107.29,4.49
52.66,724.7,,107.44,3.51
52.69,726.18,,107.56,3.12
52.73,727.49,,107.66,4.04
52.76,729.19,,107.8,1.99
52.79,730.03,,107.86,2.17
52.83,730.94,,107.93,2.15
52.86,731.85,,108.01,2.85
52.89,733.05,,108.1,2.5
52.93,734.1,,108.18,2.95
52.96,735.34,,108.28,3.41
52.99,736.77,,108.4,2.83
53.03,737.96,,108.49,2.53
53.06,739.03,,108.58,2.63
53.09,740.14,,108.66,6.37
53.13,742.82,,108.88,8.22
53.16,746.28,,109.15,8.07
53.19,749.68,,109.42,9.84
53.23,753.82,,109.75,7.59
53.26,757.02,,110,0
